{
  "general_joke": {
    "precision": 0.8571428571428571,
    "recall": 1.0,
    "f1-score": 0.923076923076923,
    "support": 12,
    "confused_with": {}
  },
  "music_likeness": {
    "precision": 0.4666666666666667,
    "recall": 0.3888888888888889,
    "f1-score": 0.42424242424242425,
    "support": 18,
    "confused_with": {
      "play_radio": 2,
      "general_negate": 2
    }
  },
  "audio_volume_down": {
    "precision": 0.6,
    "recall": 0.75,
    "f1-score": 0.6666666666666665,
    "support": 8,
    "confused_with": {
      "iot_hue_lightdim": 1,
      "general_commandstop": 1
    }
  },
  "iot_wemo_on": {
    "precision": 0.5,
    "recall": 0.7142857142857143,
    "f1-score": 0.588235294117647,
    "support": 7,
    "confused_with": {
      "iot_hue_lightchange": 1,
      "play_podcasts": 1
    }
  },
  "news_query": {
    "precision": 0.9090909090909091,
    "recall": 0.5263157894736842,
    "f1-score": 0.6666666666666666,
    "support": 19,
    "confused_with": {
      "datetime_query": 2,
      "general_explain": 1
    }
  },
  "play_game": {
    "precision": 0.6,
    "recall": 0.3157894736842105,
    "f1-score": 0.41379310344827586,
    "support": 19,
    "confused_with": {
      "play_music": 3,
      "iot_hue_lightup": 1
    }
  },
  "general_praise": {
    "precision": 0.9444444444444444,
    "recall": 0.8947368421052632,
    "f1-score": 0.918918918918919,
    "support": 19,
    "confused_with": {
      "transport_traffic": 1,
      "lists_remove": 1
    }
  },
  "alarm_set": {
    "precision": 0.6,
    "recall": 0.47368421052631576,
    "f1-score": 0.5294117647058824,
    "support": 19,
    "confused_with": {
      "alarm_query": 4,
      "alarm_remove": 3
    }
  },
  "email_addcontact": {
    "precision": 0.6153846153846154,
    "recall": 1.0,
    "f1-score": 0.761904761904762,
    "support": 8,
    "confused_with": {}
  },
  "datetime_query": {
    "precision": 0.5454545454545454,
    "recall": 0.3157894736842105,
    "f1-score": 0.39999999999999997,
    "support": 19,
    "confused_with": {
      "datetime_convert": 4,
      "play_podcasts": 3
    }
  },
  "social_query": {
    "precision": 0.6875,
    "recall": 0.6111111111111112,
    "f1-score": 0.6470588235294118,
    "support": 18,
    "confused_with": {
      "social_post": 3,
      "calendar_query": 1
    }
  },
  "cooking_recipe": {
    "precision": 0.6666666666666666,
    "recall": 0.7368421052631579,
    "f1-score": 0.7,
    "support": 19,
    "confused_with": {
      "email_query": 1,
      "recommendation_locations": 1
    }
  },
  "transport_taxi": {
    "precision": 0.64,
    "recall": 0.8888888888888888,
    "f1-score": 0.7441860465116279,
    "support": 18,
    "confused_with": {
      "calendar_query": 1,
      "takeaway_order": 1
    }
  },
  "play_podcasts": {
    "precision": 0.5769230769230769,
    "recall": 0.7894736842105263,
    "f1-score": 0.6666666666666666,
    "support": 19,
    "confused_with": {
      "music_query": 1,
      "qa_maths": 1
    }
  },
  "alarm_remove": {
    "precision": 0.26666666666666666,
    "recall": 0.36363636363636365,
    "f1-score": 0.30769230769230765,
    "support": 11,
    "confused_with": {
      "alarm_query": 5,
      "iot_wemo_off": 1
    }
  },
  "lists_createoradd": {
    "precision": 0.5238095238095238,
    "recall": 0.5789473684210527,
    "f1-score": 0.5500000000000002,
    "support": 19,
    "confused_with": {
      "lists_remove": 2,
      "iot_hue_lightchange": 2
    }
  },
  "iot_hue_lightdim": {
    "precision": 0.5789473684210527,
    "recall": 0.9166666666666666,
    "f1-score": 0.7096774193548387,
    "support": 12,
    "confused_with": {
      "iot_hue_lightup": 1
    }
  },
  "iot_hue_lighton": {
    "precision": 0.3333333333333333,
    "recall": 1.0,
    "f1-score": 0.5,
    "support": 3,
    "confused_with": {}
  },
  "iot_coffee": {
    "precision": 0.8947368421052632,
    "recall": 0.8947368421052632,
    "f1-score": 0.8947368421052632,
    "support": 19,
    "confused_with": {
      "general_dontcare": 1,
      "qa_factoid": 1
    }
  },
  "qa_factoid": {
    "precision": 0.23529411764705882,
    "recall": 0.21052631578947367,
    "f1-score": 0.2222222222222222,
    "support": 19,
    "confused_with": {
      "play_audiobook": 2,
      "recommendation_locations": 2
    }
  },
  "email_query": {
    "precision": 0.7368421052631579,
    "recall": 0.7368421052631579,
    "f1-score": 0.7368421052631579,
    "support": 19,
    "confused_with": {
      "email_sendemail": 5
    }
  },
  "calendar_query": {
    "precision": 0.16,
    "recall": 0.21052631578947367,
    "f1-score": 0.1818181818181818,
    "support": 19,
    "confused_with": {
      "iot_hue_lighton": 1,
      "recommendation_events": 1
    }
  },
  "iot_wemo_off": {
    "precision": 0.5454545454545454,
    "recall": 0.6666666666666666,
    "f1-score": 0.6,
    "support": 9,
    "confused_with": {
      "iot_wemo_on": 2,
      "iot_hue_lightdim": 1
    }
  },
  "general_commandstop": {
    "precision": 0.7037037037037037,
    "recall": 1.0,
    "f1-score": 0.8260869565217391,
    "support": 19,
    "confused_with": {}
  },
  "social_post": {
    "precision": 0.7142857142857143,
    "recall": 0.7894736842105263,
    "f1-score": 0.7500000000000001,
    "support": 19,
    "confused_with": {
      "weather_query": 1,
      "transport_taxi": 1
    }
  },
  "transport_ticket": {
    "precision": 0.8125,
    "recall": 0.6842105263157895,
    "f1-score": 0.742857142857143,
    "support": 19,
    "confused_with": {
      "transport_query": 5,
      "calendar_query": 1
    }
  },
  "iot_cleaning": {
    "precision": 0.8888888888888888,
    "recall": 1.0,
    "f1-score": 0.9411764705882353,
    "support": 16,
    "confused_with": {}
  },
  "general_quirky": {
    "precision": 0.3333333333333333,
    "recall": 0.10526315789473684,
    "f1-score": 0.16,
    "support": 19,
    "confused_with": {
      "general_explain": 2,
      "qa_factoid": 2
    }
  },
  "lists_remove": {
    "precision": 0.5714285714285714,
    "recall": 0.42105263157894735,
    "f1-score": 0.48484848484848486,
    "support": 19,
    "confused_with": {
      "alarm_remove": 6,
      "email_querycontact": 1
    }
  },
  "email_querycontact": {
    "precision": 0.5,
    "recall": 0.42105263157894735,
    "f1-score": 0.45714285714285713,
    "support": 19,
    "confused_with": {
      "general_dontcare": 2,
      "play_audiobook": 2
    }
  },
  "qa_stock": {
    "precision": 0.8823529411764706,
    "recall": 0.7894736842105263,
    "f1-score": 0.8333333333333333,
    "support": 19,
    "confused_with": {
      "weather_query": 1,
      "social_query": 1
    }
  },
  "recommendation_locations": {
    "precision": 0.5555555555555556,
    "recall": 0.5263157894736842,
    "f1-score": 0.5405405405405405,
    "support": 19,
    "confused_with": {
      "recommendation_events": 1,
      "recommendation_movies": 1
    }
  },
  "general_negate": {
    "precision": 0.6818181818181818,
    "recall": 0.7894736842105263,
    "f1-score": 0.7317073170731707,
    "support": 19,
    "confused_with": {
      "iot_hue_lightdim": 1,
      "iot_hue_lightup": 1
    }
  },
  "takeaway_order": {
    "precision": 0.5925925925925926,
    "recall": 0.8421052631578947,
    "f1-score": 0.6956521739130435,
    "support": 19,
    "confused_with": {
      "recommendation_locations": 1,
      "takeaway_query": 1
    }
  },
  "takeaway_query": {
    "precision": 0.8,
    "recall": 0.42105263157894735,
    "f1-score": 0.5517241379310345,
    "support": 19,
    "confused_with": {
      "takeaway_order": 7,
      "email_query": 1
    }
  },
  "qa_definition": {
    "precision": 0.8181818181818182,
    "recall": 0.47368421052631576,
    "f1-score": 0.6,
    "support": 19,
    "confused_with": {
      "iot_cleaning": 2,
      "qa_factoid": 2
    }
  },
  "recommendation_movies": {
    "precision": 0.6428571428571429,
    "recall": 0.9,
    "f1-score": 0.75,
    "support": 10,