{
  "qa_currency": {
    "precision": 1.0,
    "recall": 0.7368421052631579,
    "f1-score": 0.8484848484848484,
    "support": 19,
    "confused_with": {
      "qa_stock": 2,
      "transport_query": 1
    }
  },
  "iot_hue_lightdim": {
    "precision": 1.0,
    "recall": 0.75,
    "f1-score": 0.8571428571428571,
    "support": 12,
    "confused_with": {
      "iot_hue_lighton": 1,
      "audio_volume_up": 1
    }
  },
  "cooking_recipe": {
    "precision": 0.5789473684210527,
    "recall": 0.5789473684210527,
    "f1-score": 0.5789473684210527,
    "support": 19,
    "confused_with": {
      "play_audiobook": 1,
      "qa_maths": 1
    }
  },
  "email_querycontact": {
    "precision": 0.36363636363636365,
    "recall": 0.42105263157894735,
    "f1-score": 0.3902439024390244,
    "support": 19,
    "confused_with": {
      "email_addcontact": 5,
      "general_negate": 1
    }
  },
  "datetime_query": {
    "precision": 0.5,
    "recall": 0.3684210526315789,
    "f1-score": 0.4242424242424242,
    "support": 19,
    "confused_with": {
      "datetime_convert": 5,
      "play_podcasts": 3
    }
  },
  "iot_hue_lightup": {
    "precision": 0.7142857142857143,
    "recall": 0.7142857142857143,
    "f1-score": 0.7142857142857143,
    "support": 14,
    "confused_with": {
      "calendar_query": 1,
      "iot_hue_lightchange": 1
    }
  },
  "play_podcasts": {
    "precision": 0.7272727272727273,
    "recall": 0.8421052631578947,
    "f1-score": 0.7804878048780488,
    "support": 19,
    "confused_with": {
      "qa_definition": 1,
      "play_music": 1
    }
  },
  "qa_maths": {
    "precision": 0.625,
    "recall": 0.7142857142857143,
    "f1-score": 0.6666666666666666,
    "support": 14,
    "confused_with": {
      "iot_hue_lighton": 1,
      "calendar_query": 1
    }
  },
  "recommendation_locations": {
    "precision": 0.5882352941176471,
    "recall": 0.5263157894736842,
    "f1-score": 0.5555555555555555,
    "support": 19,
    "confused_with": {
      "recommendation_events": 3,
      "calendar_query": 1
    }
  },
  "transport_query": {
    "precision": 0.46153846153846156,
    "recall": 0.3157894736842105,
    "f1-score": 0.37499999999999994,
    "support": 19,
    "confused_with": {
      "recommendation_locations": 2,
      "calendar_set": 2
    }
  },
  "calendar_set": {
    "precision": 0.3333333333333333,
    "recall": 0.2631578947368421,
    "f1-score": 0.29411764705882354,
    "support": 19,
    "confused_with": {
      "calendar_query": 4,
      "calendar_remove": 3
    }
  },
  "play_radio": {
    "precision": 0.6923076923076923,
    "recall": 0.47368421052631576,
    "f1-score": 0.5625,
    "support": 19,
    "confused_with": {
      "play_music": 2,
      "recommendation_events": 2
    }
  },
  "qa_factoid": {
    "precision": 0.6,
    "recall": 0.15789473684210525,
    "f1-score": 0.25,
    "support": 19,
    "confused_with": {
      "general_affirm": 3,
      "play_audiobook": 2
    }
  },
  "iot_wemo_off": {
    "precision": 0.5,
    "recall": 0.6666666666666666,
    "f1-score": 0.5714285714285715,
    "support": 9,
    "confused_with": {
      "iot_wemo_on": 3
    }
  },
  "music_likeness": {
    "precision": 0.4,
    "recall": 0.5555555555555556,
    "f1-score": 0.46511627906976744,
    "support": 18,
    "confused_with": {
      "music_settings": 2,
      "music_query": 2
    }
  },
  "datetime_convert": {
    "precision": 0.35714285714285715,
    "recall": 0.625,
    "f1-score": 0.45454545454545453,
    "support": 8,
    "confused_with": {
      "datetime_query": 2,
      "alarm_remove": 1
    }
  },
  "general_dontcare": {
    "precision": 0.8823529411764706,
    "recall": 0.7894736842105263,
    "f1-score": 0.8333333333333333,
    "support": 19,
    "confused_with": {
      "transport_taxi": 2,
      "general_commandstop": 1
    }
  },
  "recommendation_movies": {
    "precision": 0.6923076923076923,
    "recall": 0.9,
    "f1-score": 0.7826086956521738,
    "support": 10,
    "confused_with": {
      "general_joke": 1
    }
  },
  "iot_cleaning": {
    "precision": 0.8421052631578947,
    "recall": 1.0,
    "f1-score": 0.9142857142857143,
    "support": 16,
    "confused_with": {}
  },
  "lists_remove": {
    "precision": 0.7692307692307693,
    "recall": 0.5263157894736842,
    "f1-score": 0.625,
    "support": 19,
    "confused_with": {
      "qa_maths": 2,
      "lists_query": 1
    }
  },
  "email_sendemail": {
    "precision": 0.6470588235294118,
    "recall": 0.5789473684210527,
    "f1-score": 0.6111111111111113,
    "support": 19,
    "confused_with": {
      "email_addcontact": 4,
      "email_query": 2
    }
  },
  "qa_definition": {
    "precision": 0.7058823529411765,
    "recall": 0.631578947368421,
    "f1-score": 0.6666666666666667,
    "support": 19,
    "confused_with": {
      "play_game": 2,
      "iot_cleaning": 1
    }
  },
  "iot_hue_lighton": {
    "precision": 0.3,
    "recall": 1.0,
    "f1-score": 0.4615384615384615,
    "support": 3,
    "confused_with": {}
  },
  "takeaway_order": {
    "precision": 0.5909090909090909,
    "recall": 0.6842105263157895,
    "f1-score": 0.6341463414634148,
    "support": 19,
    "confused_with": {
      "recommendation_locations": 1,
      "transport_traffic": 1
    }
  },
  "iot_hue_lightoff": {
    "precision": 0.75,
    "recall": 0.7894736842105263,
    "f1-score": 0.7692307692307692,
    "support": 19,
    "confused_with": {
      "iot_wemo_off": 2,
      "general_confirm": 1
    }
  },
  "lists_query": {
    "precision": 0.6842105263157895,
    "recall": 0.6842105263157895,
    "f1-score": 0.6842105263157895,
    "support": 19,
    "confused_with": {
      "lists_createoradd": 3,
      "email_querycontact": 1
    }
  },
  "play_game": {
    "precision": 0.4375,
    "recall": 0.3684210526315789,
    "f1-score": 0.39999999999999997,
    "support": 19,
    "confused_with": {
      "calendar_query": 2,
      "general_repeat": 2
    }
  },
  "calendar_query": {
    "precision": 0.13333333333333333,
    "recall": 0.21052631578947367,
    "f1-score": 0.163265306122449,
    "support": 19,
    "confused_with": {
      "alarm_remove": 3,
      "iot_hue_lighton": 1
    }
  },
  "news_query": {
    "precision": 0.7142857142857143,
    "recall": 0.5263157894736842,
    "f1-score": 0.6060606060606061,
    "support": 19,
    "confused_with": {
      "datetime_query": 2,
      "general_affirm": 1
    }
  },
  "alarm_set": {
    "precision": 0.6875,
    "recall": 0.5789473684210527,
    "f1-score": 0.6285714285714286,
    "support": 19,
    "confused_with": {
      "alarm_query": 3,
      "alarm_remove": 2
    }
  },
  "email_query": {
    "precision": 0.8,
    "recall": 0.631578947368421,
    "f1-score": 0.7058823529411765,
    "support": 19,
    "confused_with": {
      "email_sendemail": 3,
      "email_addcontact": 3
    }
  },
  "transport_ticket": {
    "precision": 0.7272727272727273,
    "recall": 0.8421052631578947,
    "f1-score": 0.7804878048780488,
    "support": 19,
    "confused_with": {
      "alarm_remove": 2,
      "alarm_query": 1
    }
  },
  "weather_query": {
    "precision": 0.6875,
    "recall": 0.5789473684210527,
    "f1-score": 0.6285714285714286,
    "support": 19,
    "confused_with": {
      "lists_createoradd": 2,
      "calendar_query": 2
    }
  },
  "general_negate": {
    "precision": 0.6,
    "recall": 0.7894736842105263,
    "f1-score": 0.6818181818181819,
    "support": 19,
    "confused_with": {
      "cooking_recipe": 1,
      "iot_hue_lightoff": 1
    }
  },
  "qa_stock": {
    "precision": 0.6818181818181818,
    "recall": 0.7894736842105263,
    "f1-score": 0.7317073170731707,
    "support": 19,
    "confused_with": {
      "email_querycontact": 1,
      "cooking_recipe": 1
    }
  },
  "social_post": {
    "precision": 0.7368421052631579,
    "recall": 0.7368421052631579,
    "f1-score": 0.7368421052631579,
    "support": 19,
    "confused_with": {
      "play_game": 2,
      "email_sendemail": 1
    }
  },