{
  "qa_currency": {
    "precision": 0.9444444444444444,
    "recall": 0.8947368421052632,
    "f1-score": 0.918918918918919,
    "support": 19,
    "confused_with": {
      "general_repeat": 1,
      "qa_stock": 1
    }
  },
  "iot_hue_lightdim": {
    "precision": 0.6428571428571429,
    "recall": 0.75,
    "f1-score": 0.6923076923076924,
    "support": 12,
    "confused_with": {
      "iot_hue_lightchange": 1,
      "iot_hue_lightoff": 1
    }
  },
  "cooking_recipe": {
    "precision": 0.8181818181818182,
    "recall": 0.47368421052631576,
    "f1-score": 0.6,
    "support": 19,
    "confused_with": {
      "None": 3,
      "recommendation_locations": 1
    }
  },
  "email_querycontact": {
    "precision": 0.5,
    "recall": 0.5789473684210527,
    "f1-score": 0.5365853658536586,
    "support": 19,
    "confused_with": {
      "email_addcontact": 4,
      "iot_wemo_on": 1
    }
  },
  "datetime_query": {
    "precision": 0.4166666666666667,
    "recall": 0.2631578947368421,
    "f1-score": 0.3225806451612903,
    "support": 19,
    "confused_with": {
      "datetime_convert": 7,
      "play_podcasts": 5
    }
  },
  "iot_hue_lightup": {
    "precision": 0.6923076923076923,
    "recall": 0.6428571428571429,
    "f1-score": 0.6666666666666666,
    "support": 14,
    "confused_with": {
      "None": 2,
      "iot_hue_lightoff": 1
    }
  },
  "play_podcasts": {
    "precision": 0.6,
    "recall": 0.7894736842105263,
    "f1-score": 0.6818181818181819,
    "support": 19,
    "confused_with": {
      "calendar_query": 1,
      "play_game": 1
    }
  },
  "qa_maths": {
    "precision": 0.5833333333333334,
    "recall": 0.5,
    "f1-score": 0.5384615384615384,
    "support": 14,
    "confused_with": {
      "datetime_query": 2,
      "None": 1
    }
  },
  "recommendation_locations": {
    "precision": 0.6923076923076923,
    "recall": 0.47368421052631576,
    "f1-score": 0.5625,
    "support": 19,
    "confused_with": {
      "lists_createoradd": 3,
      "recommendation_movies": 2
    }
  },
  "transport_query": {
    "precision": 0.5,
    "recall": 0.631578947368421,
    "f1-score": 0.5581395348837209,
    "support": 19,
    "confused_with": {
      "transport_ticket": 4,
      "None": 1
    }
  },
  "calendar_set": {
    "precision": 0.5833333333333334,
    "recall": 0.3684210526315789,
    "f1-score": 0.4516129032258065,
    "support": 19,
    "confused_with": {
      "calendar_query": 3,
      "weather_query": 1
    }
  },
  "play_radio": {
    "precision": 0.8181818181818182,
    "recall": 0.47368421052631576,
    "f1-score": 0.6,
    "support": 19,
    "confused_with": {
      "music_query": 2,
      "qa_maths": 2
    }
  },
  "qa_factoid": {
    "precision": 0.42857142857142855,
    "recall": 0.15789473684210525,
    "f1-score": 0.23076923076923078,
    "support": 19,
    "confused_with": {
      "transport_traffic": 4,
      "email_querycontact": 2
    }
  },
  "iot_wemo_off": {
    "precision": 0.5384615384615384,
    "recall": 0.7777777777777778,
    "f1-score": 0.6363636363636364,
    "support": 9,
    "confused_with": {
      "iot_wemo_on": 2
    }
  },
  "music_likeness": {
    "precision": 0.5,
    "recall": 0.5,
    "f1-score": 0.5,
    "support": 18,
    "confused_with": {
      "general_negate": 2,
      "music_query": 2
    }
  },
  "datetime_convert": {
    "precision": 0.47058823529411764,
    "recall": 1.0,
    "f1-score": 0.6399999999999999,
    "support": 8,
    "confused_with": {}
  },
  "general_dontcare": {
    "precision": 0.8823529411764706,
    "recall": 0.7894736842105263,
    "f1-score": 0.8333333333333333,
    "support": 19,
    "confused_with": {
      "email_querycontact": 1,
      "qa_definition": 1
    }
  },
  "recommendation_movies": {
    "precision": 0.6363636363636364,
    "recall": 0.7,
    "f1-score": 0.6666666666666666,
    "support": 10,
    "confused_with": {
      "general_joke": 1,
      "transport_query": 1
    }
  },
  "iot_cleaning": {
    "precision": 0.7894736842105263,
    "recall": 0.9375,
    "f1-score": 0.8571428571428572,
    "support": 16,
    "confused_with": {
      "recommendation_events": 1
    }
  },
  "lists_remove": {
    "precision": 0.7142857142857143,
    "recall": 0.5263157894736842,
    "f1-score": 0.6060606060606061,
    "support": 19,
    "confused_with": {
      "calendar_remove": 2,
      "alarm_remove": 2
    }
  },
  "email_sendemail": {
    "precision": 0.47368421052631576,
    "recall": 0.47368421052631576,
    "f1-score": 0.47368421052631576,
    "support": 19,
    "confused_with": {
      "email_addcontact": 7,
      "play_podcasts": 1
    }
  },
  "qa_definition": {
    "precision": 0.7857142857142857,
    "recall": 0.5789473684210527,
    "f1-score": 0.6666666666666667,
    "support": 19,
    "confused_with": {
      "general_affirm": 1,
      "iot_cleaning": 1
    }
  },
  "iot_hue_lighton": {
    "precision": 0.2857142857142857,
    "recall": 0.6666666666666666,
    "f1-score": 0.4,
    "support": 3,
    "confused_with": {
      "iot_hue_lightdim": 1
    }
  },
  "takeaway_order": {
    "precision": 0.52,
    "recall": 0.6842105263157895,
    "f1-score": 0.5909090909090909,
    "support": 19,
    "confused_with": {
      "None": 1,
      "cooking_recipe": 1
    }
  },
  "iot_hue_lightoff": {
    "precision": 0.8571428571428571,
    "recall": 0.9473684210526315,
    "f1-score": 0.9,
    "support": 19,
    "confused_with": {
      "iot_wemo_off": 1
    }
  },
  "lists_query": {
    "precision": 0.5909090909090909,
    "recall": 0.6842105263157895,
    "f1-score": 0.6341463414634148,
    "support": 19,
    "confused_with": {
      "music_query": 2,
      "lists_remove": 1
    }
  },
  "play_game": {
    "precision": 0.8,
    "recall": 0.21052631578947367,
    "f1-score": 0.3333333333333333,
    "support": 19,
    "confused_with": {
      "music_query": 2,
      "music_settings": 2
    }
  },
  "calendar_query": {
    "precision": 0.20689655172413793,
    "recall": 0.3157894736842105,
    "f1-score": 0.25,
    "support": 19,
    "confused_with": {
      "lists_query": 2,
      "None": 1
    }
  },
  "news_query": {
    "precision": 0.8333333333333334,
    "recall": 0.5263157894736842,
    "f1-score": 0.6451612903225806,
    "support": 19,
    "confused_with": {
      "social_query": 1,
      "email_query": 1
    }
  },
  "alarm_set": {
    "precision": 0.75,
    "recall": 0.47368421052631576,
    "f1-score": 0.5806451612903226,
    "support": 19,
    "confused_with": {
      "alarm_query": 5,
      "alarm_remove": 3
    }
  },
  "email_query": {
    "precision": 0.6666666666666666,
    "recall": 0.7368421052631579,
    "f1-score": 0.7,
    "support": 19,
    "confused_with": {
      "email_addcontact": 3,
      "email_sendemail": 1
    }
  },
  "transport_ticket": {
    "precision": 0.65,
    "recall": 0.6842105263157895,
    "f1-score": 0.6666666666666667,
    "support": 19,
    "confused_with": {
      "transport_query": 5,
      "iot_wemo_on": 1
    }
  },
  "weather_query": {
    "precision": 0.9230769230769231,
    "recall": 0.631578947368421,
    "f1-score": 0.7499999999999999,
    "support": 19,
    "confused_with": {
      "calendar_query": 4,
      "transport_ticket": 1
    }
  },
  "general_negate": {
    "precision": 0.5909090909090909,
    "recall": 0.6842105263157895,
    "f1-score": 0.6341463414634148,
    "support": 19,
    "confused_with": {
      "general_affirm": 2,
      "email_sendemail": 1
    }
  },
  "qa_stock": {
    "precision": 0.8571428571428571,
    "recall": 0.631578947368421,
    "f1-score": 0.7272727272727273,
    "support": 19,
    "confused_with": {
      "email_querycontact": 2,
      "music_query": 2
    }
  },
  "social_post": {
    "precision": 0.7333333333333333,
    "recall": 0.5789473684210527,
    "f1-score": 0.6470588235294117,
    "support": 19,
    "confused_with": {
      "None": 3,
      "email_sendemail": 2
    }
  },
  "music_settings": {
    "precision": 0.5555555555555556,
    "recall": 0.7142857142857143,