{
  "general_joke": {
    "precision": 1.0,
    "recall": 0.9166666666666666,
    "f1-score": 0.9565217391304348,
    "support": 12,
    "confused_with": {
      "play_music": 1
    }
  },
  "music_likeness": {
    "precision": 0.36363636363636365,
    "recall": 0.4444444444444444,
    "f1-score": 0.39999999999999997,
    "support": 18,
    "confused_with": {
      "music_query": 3,
      "music_settings": 2
    }
  },
  "audio_volume_down": {
    "precision": 0.6363636363636364,
    "recall": 0.875,
    "f1-score": 0.7368421052631579,
    "support": 8,
    "confused_with": {
      "general_commandstop": 1
    }
  },
  "iot_wemo_on": {
    "precision": 0.8333333333333334,
    "recall": 0.7142857142857143,
    "f1-score": 0.7692307692307692,
    "support": 7,
    "confused_with": {
      "iot_hue_lightchange": 1,
      "recommendation_events": 1
    }
  },
  "news_query": {
    "precision": 0.6923076923076923,
    "recall": 0.47368421052631576,
    "f1-score": 0.5625,
    "support": 19,
    "confused_with": {
      "None": 1,
      "recommendation_events": 1
    }
  },
  "play_game": {
    "precision": 0.4166666666666667,
    "recall": 0.2631578947368421,
    "f1-score": 0.3225806451612903,
    "support": 19,
    "confused_with": {
      "iot_hue_lightup": 3,
      "None": 2
    }
  },
  "general_praise": {
    "precision": 0.9,
    "recall": 0.9473684210526315,
    "f1-score": 0.9230769230769231,
    "support": 19,
    "confused_with": {
      "music_likeness": 1
    }
  },
  "alarm_set": {
    "precision": 0.5789473684210527,
    "recall": 0.5789473684210527,
    "f1-score": 0.5789473684210527,
    "support": 19,
    "confused_with": {
      "alarm_remove": 3,
      "alarm_query": 2
    }
  },
  "email_addcontact": {
    "precision": 0.4,
    "recall": 0.75,
    "f1-score": 0.5217391304347827,
    "support": 8,
    "confused_with": {
      "email_sendemail": 2
    }
  },
  "datetime_query": {
    "precision": 0.47058823529411764,
    "recall": 0.42105263157894735,
    "f1-score": 0.4444444444444444,
    "support": 19,
    "confused_with": {
      "datetime_convert": 6,
      "weather_query": 2
    }
  },
  "social_query": {
    "precision": 0.5454545454545454,
    "recall": 0.6666666666666666,
    "f1-score": 0.6,
    "support": 18,
    "confused_with": {
      "iot_hue_lightchange": 1,
      "iot_hue_lightup": 1
    }
  },
  "cooking_recipe": {
    "precision": 0.75,
    "recall": 0.631578947368421,
    "f1-score": 0.6857142857142857,
    "support": 19,
    "confused_with": {
      "None": 2,
      "iot_coffee": 1
    }
  },
  "transport_taxi": {
    "precision": 0.85,
    "recall": 0.9444444444444444,
    "f1-score": 0.8947368421052632,
    "support": 18,
    "confused_with": {
      "social_query": 1
    }
  },
  "play_podcasts": {
    "precision": 0.7894736842105263,
    "recall": 0.7894736842105263,
    "f1-score": 0.7894736842105263,
    "support": 19,
    "confused_with": {
      "transport_query": 1,
      "iot_hue_lightdim": 1
    }
  },
  "alarm_remove": {
    "precision": 0.35714285714285715,
    "recall": 0.45454545454545453,
    "f1-score": 0.4,
    "support": 11,
    "confused_with": {
      "alarm_set": 4,
      "alarm_query": 2
    }
  },
  "lists_createoradd": {
    "precision": 0.5789473684210527,
    "recall": 0.5789473684210527,
    "f1-score": 0.5789473684210527,
    "support": 19,
    "confused_with": {
      "lists_query": 4,
      "transport_query": 1
    }
  },
  "iot_hue_lightdim": {
    "precision": 0.7692307692307693,
    "recall": 0.8333333333333334,
    "f1-score": 0.8,
    "support": 12,
    "confused_with": {
      "iot_hue_lightup": 1,
      "iot_hue_lighton": 1
    }
  },
  "iot_hue_lighton": {
    "precision": 0.2727272727272727,
    "recall": 1.0,
    "f1-score": 0.42857142857142855,
    "support": 3,
    "confused_with": {}
  },
  "iot_coffee": {
    "precision": 0.7727272727272727,
    "recall": 0.8947368421052632,
    "f1-score": 0.8292682926829269,
    "support": 19,
    "confused_with": {
      "transport_taxi": 1,
      "general_dontcare": 1
    }
  },
  "qa_factoid": {
    "precision": 0.375,
    "recall": 0.15789473684210525,
    "f1-score": 0.22222222222222218,
    "support": 19,
    "confused_with": {
      "general_affirm": 2,
      "email_querycontact": 1
    }
  },
  "email_query": {
    "precision": 0.5652173913043478,
    "recall": 0.6842105263157895,
    "f1-score": 0.6190476190476191,
    "support": 19,
    "confused_with": {
      "email_sendemail": 5,
      "email_addcontact": 1
    }
  },
  "calendar_query": {
    "precision": 0.18181818181818182,
    "recall": 0.21052631578947367,
    "f1-score": 0.1951219512195122,
    "support": 19,
    "confused_with": {
      "email_querycontact": 3,
      "lists_query": 2
    }
  },
  "iot_wemo_off": {
    "precision": 0.8571428571428571,
    "recall": 0.6666666666666666,
    "f1-score": 0.75,
    "support": 9,
    "confused_with": {
      "email_querycontact": 1,
      "general_dontcare": 1
    }
  },
  "general_commandstop": {
    "precision": 0.8636363636363636,
    "recall": 1.0,
    "f1-score": 0.9268292682926829,
    "support": 19,
    "confused_with": {}
  },
  "social_post": {
    "precision": 0.7142857142857143,
    "recall": 0.7894736842105263,
    "f1-score": 0.7500000000000001,
    "support": 19,
    "confused_with": {
      "None": 2,
      "music_query": 1
    }
  },
  "transport_ticket": {
    "precision": 0.875,
    "recall": 0.7368421052631579,
    "f1-score": 0.7999999999999999,
    "support": 19,
    "confused_with": {
      "transport_query": 4,
      "play_audiobook": 1
    }
  },
  "iot_cleaning": {
    "precision": 0.8888888888888888,
    "recall": 1.0,
    "f1-score": 0.9411764705882353,
    "support": 16,
    "confused_with": {}
  },
  "general_quirky": {
    "precision": 0.0,
    "recall": 0.0,
    "f1-score": 0.0,
    "support": 19,
    "confused_with": {
      "email_query": 2,
      "social_post": 2,
      "qa_factoid": 1
    }
  },
  "lists_remove": {
    "precision": 0.6,
    "recall": 0.47368421052631576,
    "f1-score": 0.5294117647058824,
    "support": 19,
    "confused_with": {
      "alarm_remove": 3,
      "iot_hue_lightoff": 1
    }
  },
  "email_querycontact": {
    "precision": 0.4782608695652174,
    "recall": 0.5789473684210527,
    "f1-score": 0.5238095238095238,
    "support": 19,
    "confused_with": {
      "email_addcontact": 2,
      "calendar_set": 1
    }
  },
  "qa_stock": {
    "precision": 0.7368421052631579,
    "recall": 0.7368421052631579,
    "f1-score": 0.7368421052631579,
    "support": 19,
    "confused_with": {
      "lists_query": 1,
      "social_query": 1
    }
  },
  "recommendation_locations": {
    "precision": 0.45,
    "recall": 0.47368421052631576,
    "f1-score": 0.46153846153846156,
    "support": 19,
    "confused_with": {
      "lists_createoradd": 4,
      "music_likeness": 1
    }
  },
  "general_negate": {
    "precision": 0.8,
    "recall": 0.631578947368421,
    "f1-score": 0.7058823529411765,
    "support": 19,
    "confused_with": {
      "general_dontcare": 3,
      "general_praise": 2
    }
  },
  "takeaway_order": {
    "precision": 0.6521739130434783,
    "recall": 0.7894736842105263,
    "f1-score": 0.7142857142857143,
    "support": 19,
    "confused_with": {
      "None": 1,
      "news_query": 1
    }
  },
  "takeaway_query": {
    "precision": 0.9090909090909091,
    "recall": 0.5263157894736842,
    "f1-score": 0.6666666666666666,
    "support": 19,
    "confused_with": {
      "takeaway_order": 7,
      "email_query": 1
    }
  },
  "qa_definition": {
    "precision": 0.9090909090909091,
    "recall": 0.5263157894736842,
    "f1-score": 0.6666666666666666,
    "support": 19,
    "confused_with": {
      "iot_cleaning": 2,
      "recommendation_events": 2
    }
  },
  "recommendation_movies": {
    "precision": 0.75,
    "recall": 0.9,
    "f1-score": 0.8181818181818182,
    "support": 10,
    "confused_with": {
      "social_query": 1
    }
  },